amfi_code,alpha,beta
100001,0.017671207268628593,1.0977817556429585
100002,0.19828405719905312,0.9127670775241146
100003,-0.1298763785033269,0.981228511114846
100004,-0.0715159909946442,0.9350911889342538
100005,-0.014562894969710931,1.0731314667838283
