amfi_code,cagr_1y,cagr_3y,cagr_5y
100001,-0.049306476569407676,0.0,0.0
100002,0.3684748917921794,0.0,0.0
100003,-0.16408295157068065,0.0,0.0
100004,-0.2276697734059674,0.0,0.0
100005,-0.010640433647861935,0.0,0.0
