amfi_code,scheme_name,category,cagr_3y,sharpe_ratio,alpha,expense_ratio,score
100003,ICICI Balanced Advantage,Large Cap,0.0,-0.24496898555559796,-0.1298763785033269,1.7556515405550845,100.0
100004,Axis Small Cap Fund,Large Cap,0.0,0.013088991748599454,-0.0715159909946442,1.3440780019922403,82.9268292682927
100005,Kotak Equity Opportunities,Mid Cap,0.0,0.39926328822542084,-0.014562894969710931,1.0828392928014572,71.95121951219512
100002,SBI Bluechip Fund,Small Cap,0.0,1.3309356426424517,0.19828405719905312,1.2774303398799771,56.09756097560976
100001,HDFC Large Cap Fund,Small Cap,0.0,0.5672538570902256,0.017671207268628593,0.5142456963729927,54.87804878048781
