fund,weight
Fund_32,0.21933914405967445
Fund_39,0.22869021799472888
Fund_27,0.16959239019806588
Fund_13,0.15325777552219588
Fund_17,0.22912047222533496
