amfi_code,max_drawdown,max_drawdown_pct
100001,-0.26375513601275435,-26.375513601275436
100002,-0.1873602218209016,-18.73602218209016
100003,-0.3434305989514378,-34.34305989514378
100004,-0.38850320346938416,-38.85032034693842
100005,-0.2595358803754571,-25.95358803754571
