scheme_name,sharpe_ratio,volatility
Fund_17,1.0664307270293794,0.1776902801817902
Fund_36,0.771319481792898,0.14887858829848036
Fund_28,0.6221631108768749,0.16063413458165207
