scheme_name,sharpe_ratio,volatility
Fund_39,1.4389968004341902,0.20777807612758165
Fund_13,1.1803939599215059,0.19933316877206012
Fund_27,1.0856189969612688,0.21281584619673227
