amfi_code,sharpe_ratio,volatility
100001,0.5672538570902256,0.20450515031889516
100002,1.3309356426424517,0.20218219902126267
100003,-0.24496898555559796,0.1995469021998651
100004,0.013088991748599454,0.1996313932263072
100005,0.39926328822542084,0.20063102398992155
