fund,tracking_error_vs_Nifty50
Fund_32,0.2809345578075015
Fund_39,0.2618586907121379
Fund_27,0.26159257818482023
Fund_13,0.2607988587107292
Fund_17,0.2442439338977653
