fund,tracking_error_vs_Nifty50
Fund_32,0.28093455780750193
Fund_39,0.2618586907121384
Fund_27,0.26159257818482073
Fund_13,0.2607988587107297
Fund_17,0.24424393389776575
